<?xml version="1.0" encoding="UTF-8" ?><xml><records><record><database name="all_refs.enl" path="F:\Work\endnotework\Myref\paperArchives\all_refs\all_refs.enl">all_refs.enl</database><source-app name="EndNote" version="18.0">EndNote</source-app><rec-number>844</rec-number><foreign-keys><key app="EN" db-id="xea9rz0wossvvkepsdwvzpwqxd0vtvw0aat0">844</key></foreign-keys><ref-type name="Journal Article">17</ref-type><contributors><authors><author><style face="normal" font="default" size="100%">Zhang, D.</style></author><author><style face="normal" font="default" size="100%">Gao, F.</style></author><author><style face="normal" font="default" size="100%">Jakovli</style><style face="normal" font="default" charset="238" size="100%">ć, Ivan</style></author><author><style face="normal" font="default" size="100%">Li, Wen X</style></author><author><style face="normal" font="default" size="100%">Zou, Hong</style></author><author><style face="normal" font="default" charset="238" size="100%">Zhang, Jin</style></author><author><style face="normal" font="default" charset="238" size="100%">Wang, Gui T</style></author></authors></contributors><titles><title><style face="normal" font="default" size="100%">PhyloSuite: an integrated and scalable desktop platform for streamlined molecular sequence data management and evolutionary phylogenetics studies. Available from https://github.com/dongzhang0725/PhyloSuite.</style></title></titles><dates><year><style face="normal" font="default" size="100%">2018</style></year></dates><urls></urls></record></records></xml>