<?xml version="1.0" encoding="UTF-8" ?><xml><records><record><database name="all_refs.enl" path="E:\F\Work\endnotework\endnotework\Myref\all_refs\all_refs\all_refs.enl">all_refs.enl</database><source-app name="EndNote" version="18.0">EndNote</source-app><rec-number>1247</rec-number><foreign-keys><key app="EN" db-id="xea9rz0wossvvkepsdwvzpwqxd0vtvw0aat0">1247</key></foreign-keys><ref-type name="Journal Article">17</ref-type><contributors><authors><author><style face="normal" font="default" size="100%">Xiang, Chuan‐Yu</style></author><author><style face="normal" font="default" charset="134" size="100%">Gao, Fangluan</style></author><author><style face="normal" font="default" charset="134" size="100%">Jakovli</style><style face="normal" font="Arial" charset="238" size="100%">ć</style><style face="normal" font="default" charset="134" size="100%">, Ivan</style></author><author><style face="normal" font="default" size="100%">Lei, Hong‐Peng</style></author><author><style face="normal" font="default" size="100%">Hu, Ye</style></author><author><style face="normal" font="default" size="100%">Zhang, Hong</style></author><author><style face="normal" font="default" size="100%">Zou, Hong</style></author><author><style face="normal" font="default" charset="134" size="100%">Wang, Gui T</style></author><author><style face="normal" font="default" size="100%">Zhang, Dong</style></author></authors></contributors><titles><title><style face="normal" font="default" size="100%">Using PhyloSuite for molecular phylogeny and tree‐based analyses</style></title><secondary-title><style face="normal" font="default" size="100%">iMeta</style></secondary-title></titles><periodical><full-title><style face="normal" font="default" size="100%">iMeta</style></full-title></periodical><pages><style face="normal" font="default" size="100%">e87</style></pages><dates><year><style face="normal" font="default" charset="134" size="100%">202</style><style face="normal" font="default" size="100%">3</style></year><pub-dates><date><style face="normal" font="default" charset="134" size="100%">Oct 9</style></date></pub-dates></dates><urls></urls><electronic-resource-num><style face="normal" font="default" size="100%">10.1002/imt2.87</style></electronic-resource-num></record></records></xml>